<?xml version="1.0" encoding="UTF-8"?>
<beans:beans xmlns="http://www.springframework.org/schema/security"
	xmlns:beans="http://www.springframework.org/schema/beans" 
	xmlns:xsi="http://www.w3.org/2001/XMLSchema-instance"
	xsi:schemaLocation="http://www.springframework.org/schema/beans
	http://www.springframework.org/schema/beans/spring-beans-3.1.xsd
	http://www.springframework.org/schema/security
	http://www.springframework.org/schema/security/spring-security-3.1.xsd">
	<beans:import resource="spring-servlet.xml"/>
	<http auto-config="true">
	<intercept-url pattern="/login" access="IS_AUTHENTICATED_ANONYMOUSLY"/>
	<intercept-url pattern="/loginfailure" access="IS_AUTHENTICATED_ANONYMOUSLY"/>
	<intercept-url pattern="/logout" access="IS_AUTHENTICATED_ANONYMOUSLY"/>
	<intercept-url pattern="/*" access="ROLE_ADMIN,ROLE_USER"/>
<!-- 	<intercept-url pattern="/*" access="ROLE_MAKER,ROLE_CHECKER"/> -->
	<access-denied-handler error-page="/accdenied"/>
	<form-login login-page="/login" authentication-failure-url="/loginfailure"  default-target-url="/authorityHandler" always-use-default-target="true"/>
	<logout logout-success-url="/logout"/>
	<!-- <http-basic/> -->
	</http>
	<beans:bean id="pwdEncoder" class="org.springframework.security.crypto.bcrypt.BCryptPasswordEncoder"/>
	<authentication-manager>
	<authentication-provider>      
	<password-encoder ref="pwdEncoder"/>
	<!-- <jdbc-user-service data-source-ref="ds"/> -->
	<jdbc-user-service data-source-ref="ds" 
	users-by-username-query="select userId,userPassword,enabled from User18060126 where userId=?"
	authorities-by-username-query="select User18060126.userId as user_name,Authorities18060126.role as role_name from Authorities18060126 join User18060126 on Authorities18060126.roleId=User18060126.roleId where user18060126.userid=?"/>
	</authentication-provider>
	</authentication-manager>
</beans:beans>