<?xml version="1.0" encoding="UTF-8"?>
<beans xmlns="http://www.springframework.org/schema/beans"
	xmlns:xsi="http://www.w3.org/2001/XMLSchema-instance" 
	xmlns:context="http://www.springframework.org/schema/context"
	xmlns:tx="http://www.springframework.org/schema/tx"
	xmlns:util="http://www.springframework.org/schema/util" 
	xmlns:mvc="http://www.springframework.org/schema/mvc"
	xsi:schemaLocation="http://www.springframework.org/schema/beans 
    http://www.springframework.org/schema/beans/spring-beans.xsd  
    http://www.springframework.org/schema/mvc     
    http://www.springframework.org/schema/mvc/spring-mvc-3.0.xsd    
    http://www.springframework.org/schema/beans
    http://www.springframework.org/schema/beans/spring-beans-3.0.xsd
    http://www.springframework.org/schema/context
    http://www.springframework.org/schema/context/spring-context-3.0.xsd
    http://www.springframework.org/schema/tx  
	http://www.springframework.org/schema/tx/spring-tx-3.0.xsd
    http://www.springframework.org/schema/util
    http://www.springframework.org/schema/util/spring-util-2.5.xsd">

	<context:component-scan base-package="com.nucleus" />
	<bean
		class="org.springframework.web.servlet.view.InternalResourceViewResolver">
		<property name="prefix" value="WEB-INF/ViewPages/"></property>
		<property name="suffix" value=".jsp"></property>
	</bean>
	<mvc:annotation-driven/>
	<bean
		class="org.springframework.beans.factory.config.PropertyPlaceholderConfigurer">
		<property name="location" value="/WEB-INF/connectiondetails/db.properties"></property>
	</bean>

	<bean id="messageSource" class="org.springframework.context.support.ReloadableResourceBundleMessageSource">
	<property name="basenames">
	<list>	
	<value>/WEB-INF/Message/errormsg</value>
	<value>/WEB-INF/Message/formlabel</value>
	</list>
	</property>
	</bean>
	
	<bean id="sessionFactory" class="org.springframework.orm.hibernate4.LocalSessionFactoryBean">
        <property name="dataSource" ref="ds" />
        <property name="annotatedClasses">
            <list>
                <value>com.nucleus.model.Customer18060126</value>
                <value>com.nucleus.model.User18060126</value>
                <value>com.nucleus.model.Authorities18060126</value>               
            </list>
        </property>
        <property name="hibernateProperties">
            <props>
                <prop key="hibernate.dialect">org.hibernate.dialect.Oracle10gDialect</prop>              
                <prop key="hibernate.show_sql">true</prop>        
                  <prop key="hibernate.hbm2ddl.auto">update</prop>            
                   
            </props>
        </property>
    </bean>
    <bean id="transactionManager" class="org.springframework.orm.hibernate4.HibernateTransactionManager">
    	<property name="sessionFactory" ref="sessionFactory"/> 
	</bean>
	<tx:annotation-driven transaction-manager="transactionManager"/>
	<bean id="ds" class="org.springframework.jdbc.datasource.DriverManagerDataSource">
		<property name="username" value="${USERNAME}"></property>
		<property name="password" value="${PASSWORD}"></property>
		<property name="url" value="${URL}"></property>
		<property name="driverClassName" value="${DC}"></property>
	</bean>
</beans>