<?xml version="1.0" encoding="UTF-8"?>
<beans:beans xmlns="http://www.springframework.org/schema/security"
	xmlns:beans="http://www.springframework.org/schema/beans" 
	xmlns:xsi="http://www.w3.org/2001/XMLSchema-instance"
	xsi:schemaLocation="http://www.springframework.org/schema/beans
	http://www.springframework.org/schema/beans/spring-beans-3.1.xsd
	http://www.springframework.org/schema/security
	http://www.springframework.org/schema/security/spring-security-3.1.xsd">
	
	<beans:import resource="dispatcher-servlet.xml"/>
<http auto-config="true">
<intercept-url pattern="/login" access="IS_AUTHENTICATED_ANONYMOUSLY"/>
<intercept-url pattern="/loginfailure" access="IS_AUTHENTICATED_ANONYMOUSLY"/>
<!-- <intercept-url pattern="/defaultpage" access="IS_AUTHENTICATED_ANONYMOUSLY"/> -->
<intercept-url pattern="/*" access="ROLE_USER,ROLE_ADMIN"/>
<intercept-url pattern="/Logout" access="IS_AUTHENTICATED_ANONYMOUSLY"/>
<logout logout-success-url="/Logout"/>
<access-denied-handler error-page="/accdenied"/>
<form-login login-page="/login" authentication-failure-url="/loginfailure" default-target-url="/defaultpage" always-use-default-target="true"/>	
</http>
<beans:bean id="pwdEncoder" class="org.springframework.security.crypto.bcrypt.BCryptPasswordEncoder"></beans:bean>
<authentication-manager>
<authentication-provider>
<password-encoder ref="pwdEncoder"></password-encoder>
<jdbc-user-service data-source-ref="ds" users-by-username-query="select userId,password,enabled roleid from userpuja where userId=?" 
authorities-by-username-query="select UserPuja.userId ,AuthorityPuja.role  from AuthorityPuja join UserPuja on AuthorityPuja.roleId=UserPuja.roleId where UserPuja.userId=?"/>

<!-- <user-service>
<user name="puja" password="hellohii" authorities="ROLE_USER"/>
<user name="harika" password="ByeBye" authorities="ROLE_ADMIN"/>
</user-service> -->
</authentication-provider>
</authentication-manager>
</beans:beans>
